<?xml version="1.0" encoding="UTF-8"?>
<custom-objects xmlns="http://www.demandware.com/xml/impex/customobject/2006-10-31">
    <custom-object type-id="storeCredentials" object-id="store2">
        <object-attribute attribute-id="eaCredentialsExpired">false</object-attribute>
        <object-attribute attribute-id="eaStorePassword">2k8DcDYyUyOb0H1rlMCoo6IaGIIRvgj60LDZeg4qtL8Zq9U0RPW6yh/lVS8SL2MG</object-attribute>
        <object-attribute attribute-id="eaStoreUsername">EAStoreUser</object-attribute>
    </custom-object>
</custom-objects>