<?xml version="1.0" encoding="UTF-8"?>
<payment-processors xmlns="http://www.demandware.com/xml/impex/paymentprocessor/2007-03-31">
    <payment-processor processor-id="EACreditCard">
        <description>Credit Card processing for Endless Aisle application.</description>
        <preferences>
            <all-instances/>
            <development/>
            <staging/>
            <production/>
        </preferences>
    </payment-processor>

    <payment-processor processor-id="EAGiftCard">
        <description>Gift Card processing for Endless Aisle application.</description>
        <preferences>
            <all-instances/>
            <development/>
            <staging/>
            <production/>
        </preferences>
    </payment-processor>
</payment-processors>
